,우대,요건,업무
0,"모집부문상세내용공통 자격요건ㆍ 학력 : 무관ㆍ 경력 : 신입/경력데이터인텔리전스팀데이터인텔리전스팀 0명담당업무ㆍ주요업무ㆍ 데이터 서버 관리 및 유지ㆍ 고객사 업무프로세스 분석 및 관련 데이터 수집(엑셀 VBA, 파워쿼리 활용)ㆍ MS POWER BI 활용한 데이터 분석, 모델링 및 VISUALIZATIONㆍ MS POWER FLATFORM 활용 업무 효율화
            ㆍ기타 필수 사항
        우대사항ㆍ컴퓨터/시스템공학, 수학/통계학ㆍ데이터분석전문가(ADP), 데이터분석준전문가(ADsP), 빅데이터 분석기사ㆍ해당직무 인턴경력, 통계분석능숙자, 해당직무 근무경험, 엑셀 고급능력자, 지방근무 가능자","모집부문상세내용공통 자격요건ㆍ 학력 : 무관ㆍ 경력 : 신입/경력데이터인텔리전스팀데이터인텔리전스팀 0명담당업무ㆍ주요업무ㆍ 데이터 서버 관리 및 유지ㆍ 고객사 업무프로세스 분석 및 관련 데이터 수집(엑셀 VBA, 파워쿼리 활용)ㆍ MS POWER BI 활용한 데이터 분석, 모델링 및 VISUALIZATIONㆍ MS POWER FLATFORM 활용 업무 효율화
            ㆍ기타 필수 사항
        우대사항ㆍ컴퓨터/시스템공학, 수학/통계학ㆍ데이터분석전문가(ADP), 데이터분석준전문가(ADsP), 빅데이터 분석기사ㆍ해당직무 인턴경력, 통계분석능숙자, 해당직무 근무경험, 엑셀 고급능력자, 지방근무 가능자","모집부문상세내용공통 자격요건ㆍ 학력 : 무관ㆍ 경력 : 신입/경력데이터인텔리전스팀데이터인텔리전스팀 0명담당업무ㆍ주요업무ㆍ 데이터 서버 관리 및 유지ㆍ 고객사 업무프로세스 분석 및 관련 데이터 수집(엑셀 VBA, 파워쿼리 활용)ㆍ MS POWER BI 활용한 데이터 분석, 모델링 및 VISUALIZATIONㆍ MS POWER FLATFORM 활용 업무 효율화
            ㆍ기타 필수 사항
        우대사항ㆍ컴퓨터/시스템공학, 수학/통계학ㆍ데이터분석전문가(ADP), 데이터분석준전문가(ADsP), 빅데이터 분석기사ㆍ해당직무 인턴경력, 통계분석능숙자, 해당직무 근무경험, 엑셀 고급능력자, 지방근무 가능자"
1,-,-,-
2,-,-,-
3,-,-,-
4,-,-,-
5,"공통 자격요건ㆍ학력 : 학사이상 (졸업예정자 가능)ㆍ경력 : 관련 경력 2~3년 필수ㆍ해외여행에 결격 사유가 없는 자ㆍ다양한 분야에 대한 도전을 좋아하시는 분ㆍ학력 : 대졸 이상 (4년)데이터 분석 및 AI 개발 1명담당업무ㆍ담당업무ㆍ데이터 분석 및 AI 개발ㆍPython 등을 활용한 텍스트 데이터 수집, 분석, 구축 처리ㆍLLM 업무 기획 및 수행ㆍAI 기술 개발에 필요한 언어 자원 구출(Labeling)ㆍ인공지능 R&D 연구 개발 및 국책 과제 지원필요스킬ㆍPython우대사항ㆍIT 계열, 통계학 관련 전공자ㆍMachine Learning/Data Mining 수행 경험","공통 자격요건ㆍ학력 : 학사이상 (졸업예정자 가능)ㆍ경력 : 관련 경력 2~3년 필수ㆍ해외여행에 결격 사유가 없는 자ㆍ다양한 분야에 대한 도전을 좋아하시는 분ㆍ학력 : 대졸 이상 (4년)데이터 분석 및 AI 개발 1명담당업무ㆍ담당업무ㆍ데이터 분석 및 AI 개발ㆍPython 등을 활용한 텍스트 데이터 수집, 분석, 구축 처리ㆍLLM 업무 기획 및 수행ㆍAI 기술 개발에 필요한 언어 자원 구출(Labeling)ㆍ인공지능 R&D 연구 개발 및 국책 과제 지원필요스킬ㆍPython우대사항ㆍIT 계열, 통계학 관련 전공자ㆍMachine Learning/Data Mining 수행 경험","공통 자격요건ㆍ학력 : 학사이상 (졸업예정자 가능)ㆍ경력 : 관련 경력 2~3년 필수ㆍ해외여행에 결격 사유가 없는 자ㆍ다양한 분야에 대한 도전을 좋아하시는 분ㆍ학력 : 대졸 이상 (4년)데이터 분석 및 AI 개발 1명담당업무ㆍ담당업무ㆍ데이터 분석 및 AI 개발ㆍPython 등을 활용한 텍스트 데이터 수집, 분석, 구축 처리ㆍLLM 업무 기획 및 수행ㆍAI 기술 개발에 필요한 언어 자원 구출(Labeling)ㆍ인공지능 R&D 연구 개발 및 국책 과제 지원필요스킬ㆍPython우대사항ㆍIT 계열, 통계학 관련 전공자ㆍMachine Learning/Data Mining 수행 경험"
6,-,-,-
7,-,-,-
8,-,-,-
9,-,-,-
10,-,-,-
11,-,-,-
12,-,-,-
13,"모집부문상세내용공통 자격요건ㆍ학력 : 대졸 이상 (4년)지능화 감시체계 사업[ 업무 안내 ]ㆍ데이터셋 구축 사업 제반사항 관리 업무(PMO)ㆍ데이터 및 프로젝트 산출물 작성 및 관리ㆍ프로젝트 일정 및 인력 관리ㆍ데이터 수집 및 가공 사업 운영 및 모니터링ㆍ일부 라벨링 작업 및 검수 백업  [ 업무 진행을 위한 필요 역량 ]ㆍ원활한 커뮤니케이션 능력을 보유하신 분ㆍ주도적인 업무 능력이 있으신 분ㆍ사업 특성(야간 촬영)에 따른 야간 근무 또는 출장 업무에 문제가 없으신 분 *단, 야간 근무에 따른 근무 스케줄 조정(익일 오전 오프 or 데이 오프) 총괄 PM과 협의 예정[ 필수(자격) 조건 ]ㆍ라벨링 프로젝트 or 사업 '운영'에 참여 경력이 있으신 분ㆍ근무지(논산시 양촌면 거사리 부근)로 출퇴근이 문제 없이 가능하신 분 (자차 이용 추천)ㆍ사업 특성에 따른 보안지역 출입을 위한 신원 조사에 문제가 없으신 분*개인정보 보호를 위하여 아래의 서류를 공공신원조회 '사이트'에 직접 제출 필수**필요서류: 신원진술서, 개인신용정보서,병역관계증명서 등 ㆍ공식 문서 작성 능력 또는 보고서 작성 경험(파워포인트, 엑셀, 구글 스프레드시트 등)이 있으신 분ㆍ기본적인 OA 및 컴퓨터 활용 능력을 보유하고 계신 분 [ 우대 조건 ]ㆍ약 1년 11개월 연속적으로 근무가 가능하신 분 ㆍ데이터 수집 및 가공 사업 or 프로젝트 운영 PM 및 PMO 경력이 있으신 분ㆍ군 사업 경력이 있으신 분ㆍ공공 및 정부과제 사업 경력이 있으신 분우대사항","모집부문상세내용공통 자격요건ㆍ학력 : 대졸 이상 (4년)지능화 감시체계 사업[ 업무 안내 ]ㆍ데이터셋 구축 사업 제반사항 관리 업무(PMO)ㆍ데이터 및 프로젝트 산출물 작성 및 관리ㆍ프로젝트 일정 및 인력 관리ㆍ데이터 수집 및 가공 사업 운영 및 모니터링ㆍ일부 라벨링 작업 및 검수 백업  [ 업무 진행을 위한 필요 역량 ]ㆍ원활한 커뮤니케이션 능력을 보유하신 분ㆍ주도적인 업무 능력이 있으신 분ㆍ사업 특성(야간 촬영)에 따른 야간 근무 또는 출장 업무에 문제가 없으신 분 *단, 야간 근무에 따른 근무 스케줄 조정(익일 오전 오프 or 데이 오프) 총괄 PM과 협의 예정[ 필수(자격) 조건 ]ㆍ라벨링 프로젝트 or 사업 '운영'에 참여 경력이 있으신 분ㆍ근무지(논산시 양촌면 거사리 부근)로 출퇴근이 문제 없이 가능하신 분 (자차 이용 추천)ㆍ사업 특성에 따른 보안지역 출입을 위한 신원 조사에 문제가 없으신 분*개인정보 보호를 위하여 아래의 서류를 공공신원조회 '사이트'에 직접 제출 필수**필요서류: 신원진술서, 개인신용정보서,병역관계증명서 등 ㆍ공식 문서 작성 능력 또는 보고서 작성 경험(파워포인트, 엑셀, 구글 스프레드시트 등)이 있으신 분ㆍ기본적인 OA 및 컴퓨터 활용 능력을 보유하고 계신 분 [ 우대 조건 ]ㆍ약 1년 11개월 연속적으로 근무가 가능하신 분 ㆍ데이터 수집 및 가공 사업 or 프로젝트 운영 PM 및 PMO 경력이 있으신 분ㆍ군 사업 경력이 있으신 분ㆍ공공 및 정부과제 사업 경력이 있으신 분우대사항","모집부문상세내용공통 자격요건ㆍ학력 : 대졸 이상 (4년)지능화 감시체계 사업[ 업무 안내 ]ㆍ데이터셋 구축 사업 제반사항 관리 업무(PMO)ㆍ데이터 및 프로젝트 산출물 작성 및 관리ㆍ프로젝트 일정 및 인력 관리ㆍ데이터 수집 및 가공 사업 운영 및 모니터링ㆍ일부 라벨링 작업 및 검수 백업  [ 업무 진행을 위한 필요 역량 ]ㆍ원활한 커뮤니케이션 능력을 보유하신 분ㆍ주도적인 업무 능력이 있으신 분ㆍ사업 특성(야간 촬영)에 따른 야간 근무 또는 출장 업무에 문제가 없으신 분 *단, 야간 근무에 따른 근무 스케줄 조정(익일 오전 오프 or 데이 오프) 총괄 PM과 협의 예정[ 필수(자격) 조건 ]ㆍ라벨링 프로젝트 or 사업 '운영'에 참여 경력이 있으신 분ㆍ근무지(논산시 양촌면 거사리 부근)로 출퇴근이 문제 없이 가능하신 분 (자차 이용 추천)ㆍ사업 특성에 따른 보안지역 출입을 위한 신원 조사에 문제가 없으신 분*개인정보 보호를 위하여 아래의 서류를 공공신원조회 '사이트'에 직접 제출 필수**필요서류: 신원진술서, 개인신용정보서,병역관계증명서 등 ㆍ공식 문서 작성 능력 또는 보고서 작성 경험(파워포인트, 엑셀, 구글 스프레드시트 등)이 있으신 분ㆍ기본적인 OA 및 컴퓨터 활용 능력을 보유하고 계신 분 [ 우대 조건 ]ㆍ약 1년 11개월 연속적으로 근무가 가능하신 분 ㆍ데이터 수집 및 가공 사업 or 프로젝트 운영 PM 및 PMO 경력이 있으신 분ㆍ군 사업 경력이 있으신 분ㆍ공공 및 정부과제 사업 경력이 있으신 분우대사항"
14,"ㆍ근무형태:계약직-1년11개월2023.3.4 이전 근무 시작 권장 장기 계약(약 1년 11개월) 근무 가능인원 우대ㆍ근무일시:주 5일(월~금) 09:00~18:00사업 특성(야간 촬영)에 따른 야간 근무 또는 출장 업무에 문제가 없으신 분 우대 *단, 야간 근무에 따른 근무 스케줄 조정(익일 오전 오프 or 데이 오프) 총괄 PM과 협의 예정ㆍ근무지역:(33021) 충남 논산시 양촌면 황산벌로 1040 국방대학교",-,"ㆍ근무형태:계약직-1년11개월2023.3.4 이전 근무 시작 권장 장기 계약(약 1년 11개월) 근무 가능인원 우대ㆍ근무일시:주 5일(월~금) 09:00~18:00사업 특성(야간 촬영)에 따른 야간 근무 또는 출장 업무에 문제가 없으신 분 우대 *단, 야간 근무에 따른 근무 스케줄 조정(익일 오전 오프 or 데이 오프) 총괄 PM과 협의 예정ㆍ근무지역:(33021) 충남 논산시 양촌면 황산벌로 1040 국방대학교"
15,-,-,-
16,-,-,-
17,-,-,-
18,"공통 자격요건ㆍ학력 : 대졸 이상 (4년)백엔드 Python 개발자 신입/경력 채용개발실 2명담당업무ㆍ지원자격ㆍ경력 : 무관 (신입도 지원 가능)(사원, 팀원급)
            ㆍ기타 필수 사항
        - 전기/전자공학, 컴퓨터/시스템공학, 산업공학우대사항ㆍ해당직무 근무경험, 석사학위 수여자, AWS, Docker, Linux, Github, Python, Django, RDBMS","공통 자격요건ㆍ학력 : 대졸 이상 (4년)백엔드 Python 개발자 신입/경력 채용개발실 2명담당업무ㆍ지원자격ㆍ경력 : 무관 (신입도 지원 가능)(사원, 팀원급)
            ㆍ기타 필수 사항
        - 전기/전자공학, 컴퓨터/시스템공학, 산업공학우대사항ㆍ해당직무 근무경험, 석사학위 수여자, AWS, Docker, Linux, Github, Python, Django, RDBMS","공통 자격요건ㆍ학력 : 대졸 이상 (4년)백엔드 Python 개발자 신입/경력 채용개발실 2명담당업무ㆍ지원자격ㆍ경력 : 무관 (신입도 지원 가능)(사원, 팀원급)
            ㆍ기타 필수 사항
        - 전기/전자공학, 컴퓨터/시스템공학, 산업공학우대사항ㆍ해당직무 근무경험, 석사학위 수여자, AWS, Docker, Linux, Github, Python, Django, RDBMS"
19,-,-,-
20,-,-,-
21,"ㆍ접수기간:2024년 2월 6일 (화) 17시  ~ 2024년 4월 6일 (토) 24시ㆍ접수방법:사람인 입사지원ㆍ이력서양식:사람인 온라인 이력서ㆍ제출서류:· (필수) 입사지원서(자기 소개, 학력/경력 소개 내용 등 포함)
· (필수) 대학교, 대학원 성적표 및 졸업증명서
· (선택/우대) 프로젝트 산출물 또는 포트폴리오 (개발 및 분석 프로젝트의 경우 코드 제출 필수)
· (선택/우대) 석사학위 이상자는 졸업논문
· 필수 서류 미제출 시 서류 탈락",-,-
22,-,-,-
23,-,-,-
24,-,-,-
25,"모집부문상세내용공통 자격요건ㆍ학력 : 무관보안,네트워크 영업영업2팀 1명담당업무ㆍ지원자격ㆍ경력 : 경력 (년수무관)(사원, 대리, 과장급)
            ㆍ기타 필수 사항
        우대사항ㆍ2종소형운전면허ㆍ해당직무 근무경험","모집부문상세내용공통 자격요건ㆍ학력 : 무관보안,네트워크 영업영업2팀 1명담당업무ㆍ지원자격ㆍ경력 : 경력 (년수무관)(사원, 대리, 과장급)
            ㆍ기타 필수 사항
        우대사항ㆍ2종소형운전면허ㆍ해당직무 근무경험","모집부문상세내용공통 자격요건ㆍ학력 : 무관보안,네트워크 영업영업2팀 1명담당업무ㆍ지원자격ㆍ경력 : 경력 (년수무관)(사원, 대리, 과장급)
            ㆍ기타 필수 사항
        우대사항ㆍ2종소형운전면허ㆍ해당직무 근무경험"
26,-,-,-
27,-,-,-
28,-,-,-
29,-,-,-
30,-,-,-
31,-,-,-
32,"공통 자격요건ㆍ학력 : 무관AI 데이터 가공 및 검수 계약직시험평가연구소 3명담당업무ㆍ지원자격ㆍ경력 : 경력 1년 이상(연구원, 선임연구원급)ㆍ수행 업무 : AI 학습용 데이터 가공 보조 및 검수
            ㆍ기타 필수 사항
        우대사항ㆍ인근거주자, 해당직무 근무경험","공통 자격요건ㆍ학력 : 무관AI 데이터 가공 및 검수 계약직시험평가연구소 3명담당업무ㆍ지원자격ㆍ경력 : 경력 1년 이상(연구원, 선임연구원급)ㆍ수행 업무 : AI 학습용 데이터 가공 보조 및 검수
            ㆍ기타 필수 사항
        우대사항ㆍ인근거주자, 해당직무 근무경험","공통 자격요건ㆍ학력 : 무관AI 데이터 가공 및 검수 계약직시험평가연구소 3명담당업무ㆍ지원자격ㆍ경력 : 경력 1년 이상(연구원, 선임연구원급)ㆍ수행 업무 : AI 학습용 데이터 가공 보조 및 검수
            ㆍ기타 필수 사항
        우대사항ㆍ인근거주자, 해당직무 근무경험"
33,-,-,-
34,-,-,-
35,-,-,-
36,-,-,-
37,"모집부문상세내용공통 자격요건ㆍ학력 : 대졸 이상응용 / 웹 프로그램 / 데이터베이스 개발 0명담당업무ㆍ지원자격ㆍ경력 : 신입 (연구원)
            ㆍ기타 필수 사항
        담당업무ㆍ응용프로그램 개발 (C#, Java, ASP.NET, Web 등)ㆍ데이터베이스 개발 (Oralce, MSSQL 등)우대사항ㆍ컴퓨터/시스템공학, 공학계열, 수학/통계학ㆍTOEIC 00급(점) 이상, TOEFL 00급(점) 이상ㆍ정보처리기사","모집부문상세내용공통 자격요건ㆍ학력 : 대졸 이상응용 / 웹 프로그램 / 데이터베이스 개발 0명담당업무ㆍ지원자격ㆍ경력 : 신입 (연구원)
            ㆍ기타 필수 사항
        담당업무ㆍ응용프로그램 개발 (C#, Java, ASP.NET, Web 등)ㆍ데이터베이스 개발 (Oralce, MSSQL 등)우대사항ㆍ컴퓨터/시스템공학, 공학계열, 수학/통계학ㆍTOEIC 00급(점) 이상, TOEFL 00급(점) 이상ㆍ정보처리기사","모집부문상세내용공통 자격요건ㆍ학력 : 대졸 이상응용 / 웹 프로그램 / 데이터베이스 개발 0명담당업무ㆍ지원자격ㆍ경력 : 신입 (연구원)
            ㆍ기타 필수 사항
        담당업무ㆍ응용프로그램 개발 (C#, Java, ASP.NET, Web 등)ㆍ데이터베이스 개발 (Oralce, MSSQL 등)우대사항ㆍ컴퓨터/시스템공학, 공학계열, 수학/통계학ㆍTOEIC 00급(점) 이상, TOEFL 00급(점) 이상ㆍ정보처리기사"
38,-,-,-
39,-,-,-
40,-,-,-
41,-,-,-
42,"공통 자격요건ㆍ학력 : 대졸 이상 (4년)(빅데이터/AI(머신러닝딥러닝)/파이썬/자바) 강사채용 3명담당업무ㆍ지원자격ㆍ경력 : 경력 2년 이상
            ㆍ기타 필수 사항
        우대사항","공통 자격요건ㆍ학력 : 대졸 이상 (4년)(빅데이터/AI(머신러닝딥러닝)/파이썬/자바) 강사채용 3명담당업무ㆍ지원자격ㆍ경력 : 경력 2년 이상
            ㆍ기타 필수 사항
        우대사항","공통 자격요건ㆍ학력 : 대졸 이상 (4년)(빅데이터/AI(머신러닝딥러닝)/파이썬/자바) 강사채용 3명담당업무ㆍ지원자격ㆍ경력 : 경력 2년 이상
            ㆍ기타 필수 사항
        우대사항"
43,-,-,-
44,-,-,-
45,-,-,-
46,-,-,-
47,"모집부문상세내용사업운영부[담당업무]ㆍ부동산 권리조사 상품기획ㆍ권리조사 서비스 운용 및 프로세스 개선ㆍ부동산 권리조사 사고 원인 추적 및 분석[자격요건]ㆍ부동산 권리조사 상품 및 서비스 기획 경력 보유자ㆍ부동산 권리조사 업무 수행 경력 보유자ㆍ금융권 협업 경험 보유자[우대사항]ㆍ관련 직종 경험자ㆍ부동산 관련 전공자 또는 관련 자격증 보유자법인영업부담당업무ㆍ[담당업무]ㆍ전세대출 관련 금융권 B2B 영업ㆍ시장 동향 파악, 상품 제안, 입찰업무 대응ㆍ고객사별 마케팅 및 신규 거래처 발굴[자격요건]ㆍ부동산 권리조사 상품 및 서비스 기획 경력 보유자ㆍ금융권 법인영업 경력 보유자[우대사항]ㆍ관련 직종 경험자ㆍ부동산 관련 전공자 또는 관련 자격증 보유자ㆍ금융권 또는 금융권 영업 경력 보유자
            ㆍ기타 필수 사항
        우대사항","모집부문상세내용사업운영부[담당업무]ㆍ부동산 권리조사 상품기획ㆍ권리조사 서비스 운용 및 프로세스 개선ㆍ부동산 권리조사 사고 원인 추적 및 분석[자격요건]ㆍ부동산 권리조사 상품 및 서비스 기획 경력 보유자ㆍ부동산 권리조사 업무 수행 경력 보유자ㆍ금융권 협업 경험 보유자[우대사항]ㆍ관련 직종 경험자ㆍ부동산 관련 전공자 또는 관련 자격증 보유자법인영업부담당업무ㆍ[담당업무]ㆍ전세대출 관련 금융권 B2B 영업ㆍ시장 동향 파악, 상품 제안, 입찰업무 대응ㆍ고객사별 마케팅 및 신규 거래처 발굴[자격요건]ㆍ부동산 권리조사 상품 및 서비스 기획 경력 보유자ㆍ금융권 법인영업 경력 보유자[우대사항]ㆍ관련 직종 경험자ㆍ부동산 관련 전공자 또는 관련 자격증 보유자ㆍ금융권 또는 금융권 영업 경력 보유자
            ㆍ기타 필수 사항
        우대사항","모집부문상세내용사업운영부[담당업무]ㆍ부동산 권리조사 상품기획ㆍ권리조사 서비스 운용 및 프로세스 개선ㆍ부동산 권리조사 사고 원인 추적 및 분석[자격요건]ㆍ부동산 권리조사 상품 및 서비스 기획 경력 보유자ㆍ부동산 권리조사 업무 수행 경력 보유자ㆍ금융권 협업 경험 보유자[우대사항]ㆍ관련 직종 경험자ㆍ부동산 관련 전공자 또는 관련 자격증 보유자법인영업부담당업무ㆍ[담당업무]ㆍ전세대출 관련 금융권 B2B 영업ㆍ시장 동향 파악, 상품 제안, 입찰업무 대응ㆍ고객사별 마케팅 및 신규 거래처 발굴[자격요건]ㆍ부동산 권리조사 상품 및 서비스 기획 경력 보유자ㆍ금융권 법인영업 경력 보유자[우대사항]ㆍ관련 직종 경험자ㆍ부동산 관련 전공자 또는 관련 자격증 보유자ㆍ금융권 또는 금융권 영업 경력 보유자
            ㆍ기타 필수 사항
        우대사항"
48,-,-,-
49,-,-,-
50,-,-,-
51,-,-,-
